id,sinif,kod,mezmun_sahesi,bloom_taksonomiyasi,cetinlik_seviyyesi,status,standart_metni,xarakteristika,kohne_standart_metni,yaradilma_tarixi
997,1,Az_dili_I_4.1.1,Dil qaydaları,Xatırlama,asan,deyismeyib,Söz tərkibindəki səs və hecaları müəyyən edir.,PIRLS çərçəvəsindəki fonetik şüur və CEFR A1 səviyyəsindəki səs tanıma bacarıqlarına tam uyğundur. Finlandiya modelində də 1-ci sinifdə fonetik analiz əsas şüur bacarığıdır.,Söz tərkibindəki səs və hecaları müəyyən edir.,2026-03-20 11:57:04.230794
998,1,Az_dili_I_4.1.2,Dil qaydaları,Xatırlama,asan,deyismeyib,Hərflərin əlifba sırasını müəyyən edir.,CEFR A1 səviyyəsinin əlifba bilgisi tələblərinə və bütün beynəlxalq çərçəvələrdəki ilkin oxu bacarıqlarına uyğundur. Yaponiya Kokugo standartlarında da əlifba sistemini mənimsəmə əsas tələbdir.,Hərflərin əlifba sırasını müəyyən edir.,2026-03-20 11:57:04.232547
999,1,Az_dili_I_4.1.3,Dil qaydaları,Tətbiq,asan,deyismeyib,Yazıda sadə orfoqrafiya normalarına riayət edir.,CEFR A1 səviyyəsindəki yazı normaları və PIRLS tələblərindəki əsas orfoqrafiya qaydalarına tam uyğundur. Estoniya kurikulumunda da sadə yazı qaydaları bu səviyyədə əsasdır.,Yazıda sadə orfoqrafiya normalarına riayət edir.,2026-03-20 11:57:04.233847
1000,1,Az_dili_I_4.2.1,Dil qaydaları,Xatırlama,asan,deyismeyib,"Ad, əlamət, say, hərəkət bildirən sözlərin ümumi qrammatik mənalarını müəyyən edir.",CEFR A1 səviyyəsinin leksik kateqoriyalar və PIRLS çərçəvəsinin əsas qrammatik anlayışlar tələblərinə uyğundur. Sinqapur STELLAR proqramında da ilkin qrammatik kateqoriya bilgisi bu səviyyədədir.,"Ad, əlamət, say, hərəkət bildirən sözlərin ümumi qrammatik mənalarını müəyyən edir.",2026-03-20 11:57:04.23522
1001,1,Az_dili_I_4.2.2,Dil qaydaları,Anlama,asan,deyismeyib,"Mətndə cümlələri müəyyən edir, məqsəd və intonasiyaya görə fərqləndirir.",PIRLS çərçəvəsindəki mətn strukturunu anlama və İrlandiya modelindəki intonasiya həssaslığı tələblərinə uyğundur. Cümlə növlərini ayırd etmə bacarığı bu sinif üçün məqsədəuyğundur.,"Mətndə cümlələri müəyyən edir, məqsəd və intonasiyaya görə fərqləndirir.",2026-03-20 11:57:04.236362
1002,1,Az_dili_I_4.3.1,Dil qaydaları,Tətbiq,asan,deyismeyib,Cümlə sonunda müvafiq durğu işarələrindən istifadə edir.,CEFR A1 səviyyəsindəki punktuasiya tələbləri və bütün beynəlxalq çərçəvələrdəki əsas yazı normaları ilə uyğundur. Ontario modelində də əsas punktuasiya qaydaları bu sinifin tələbidir.,Cümlə sonunda müvafiq durğu işarələrindən istifadə edir.,2026-03-20 11:57:04.23741
1003,1,Az_dili_I_4.4.1,Dil qaydaları,Anlama,asan,deyismeyib,Sözün mənasını sadə üsullarla izah edir.,CEFR A1 səviyyəsindəki leksik anlama və PIRLS çərçəvəsindəki söz mənası izahı tələblərinə uyğundur. Finlandiya standartlarında da söz mənası ilə işləmə bu səviyyədə əsasdır.,Sözün mənasını sadə üsullarla izah edir.,2026-03-20 11:57:04.238759
1139,1,Az_dili_I_4.5.1,Dil qaydaları,Anlama,asan,yeni_yazilmis,"Mətn növləri: Müxtəlif mətn növlərini (hekayə, şeir, məlumat mətni) fərqləndirir.",PIRLS çərçivəsində mətn növlərinin tanınması əsas bacarıqdır. Yaponiya və İrlandiya kurikulumlarında mətn tipologiyası 1-ci sinifdən öyrədilir.,"",2026-03-20 12:48:28.449368
1004,1,Az_dili_I_1.1.1,Dinləmə və danışma,Xatırlama,asan,yenilenib,Dinlədiyi mətnlə bağlı sadə faktoloji suallara cavab verir və əsas məlumatları xatırlayır.,"Köhnə standartda yalnız cavab vermək var idi, lakin PIRLS çərçəvəsində açıq məlumatı əldə etmə və xatırlama əsasdır. Finlandiya modelində dinləmədə aktiv məlumat emalı və Sinqapur STELLAR proqramında dinləmə strategiyaları daha ətraflı işlənir. Yeni standart dinləmə prosesində məlumat seçimi və saxlama bacarığını da əhatə edir.",Dinlədiyi mətnlə bağlı sadə faktoloji suallara cavab verir.,2026-03-20 11:57:04.239754
1005,1,Az_dili_I_1.1.2,Dinləmə və danışma,Anlama,asan,deyismeyib,Dinlədiyi mətndəki fakt və hadisələri şərh edir.,PIRLS çərçəvəsindəki birbaşa nəticə çıxarma və CEFR A1 səviyyəsindəki dinləyib-anlama tələblərinə uyğundur. Yaponiya Kokugo standartlarında da mətn şərhi bu səviyyədə əsasdır.,Dinlədiyi mətndəki fakt və hadisələri şərh edir.,2026-03-20 11:57:04.240999
1006,1,Az_dili_I_1.1.3,Dinləmə və danışma,Anlama,asan,deyismeyib,Dinlədiyi mətndəki obrazlara münasibət bildirir.,PIRLS çərçəvəsindəki məzmun qiymətləndirmə və CEFR A1 səviyyəsindəki şəxsi reaksiya tələblərinə uyğundur. Ontario modelində də bildiri və münasibət ifadəsi bu səviyyədə məqsədəuyğundur.,Dinlədiyi mətndəki obrazlara münasibət bildirir.,2026-03-20 11:57:04.24219
1007,1,Az_dili_I_1.2.1,Dinləmə və danışma,Anlama,asan,deyismeyib,Müzakirə olunan məsələ ilə bağlı öz fikirlərini ifadə edir.,CEFR A1 səviyyəsindəki şəxsi fikir ifadəsi və Sinqapur STELLAR proqramındakı kommunikativ yanaşma tələblərinə uyğundur. İrlandiya modelində də şifahi fikir mübadiləsi bu səviyyədə əsasdır.,Müzakirə olunan məsələ ilə bağlı öz fikirlərini ifadə edir.,2026-03-20 11:57:04.243391
1008,1,Az_dili_I_1.2.2,Dinləmə və danışma,Tətbiq,asan,deyismeyib,Hər hansı mövzuda dialoq qurur.,CEFR A1 səviyyəsindəki sadə interaktiv danışma və Ontario modelindəki əməkdaşlıq kommunikasiyası tələblərinə uyğundur. Dialoq qurma bacarığı bu sinif üçün məqsədəuyğundur.,Hər hansı mövzuda dialoq qurur.,2026-03-20 11:57:04.244517
1009,1,Az_dili_I_1.3.1,Dinləmə və danışma,Anlama,asan,deyismeyib,Oxuduqlarını və dinlədiklərini rabitəli şəkildə təqdim edir.,PIRLS çərçəvəsindəki inteqrasiya bacarıqları və CEFR A1 səviyyəsindəki rabitəli nitq tələblərinə uyğundur. Finlandiya modelində də məlumat təqdim etmə bu səviyyədə əsasdır.,Oxuduqlarını və dinlədiklərini rabitəli şəkildə təqdim edir.,2026-03-20 11:57:04.245548
1010,1,Az_dili_I_1.3.2,Dinləmə və danışma,Analiz,orta,yenilenib,"Şəkil, sxem və vizual materiallar üzrə məlumatları təhlil edərək danışır.","Köhnə standart yalnız sadə danışmağı əhatə edirdi, lakin PISA 2025 çoxmodal mətnlərlə işləməni və Finlandiya modelindəki vizual savadlılığı tələb edir. Sinqapur STELLAR proqramında vizual məlumatların təhlili və İrlandiya təcrübəsindəki multimodal kommunikasiya müasir tələbdir. Yeni standart vizual məlumatları oxumaq və təhlil etmək bacarıqlarını inkişaf etdirir.",Sadə sxemlər və komikslər üzrə danışır.,2026-03-20 11:57:04.246586
1011,1,Az_dili_I_1.3.3,Dinləmə və danışma,Tətbiq,asan,deyismeyib,"Hər hansı hadisə, varlıq haqqında fikirlərini rabitəli cümlələrlə ifadə edir.",CEFR A1 səviyyəsindəki rabitəli nitq və PIRLS çərçəvəsindəki fikir ifadəsi tələblərinə uyğundur. Ontario modelində də sadə mövzularda rabitəli danışma bu səviyyədə məqsədəuyğundur.,"Hər hansı hadisə, varlıq haqqında fikirlərini rabitəli cümlələrlə ifadə edir.",2026-03-20 11:57:04.247587
1012,1,Az_dili_I_1.3.4,Dinləmə və danışma,Tətbiq,orta,deyismeyib,Araşdırma nəticəsində əldə etdiyi məlumatları rabitəli şəkildə təqdim edir.,Ontario modelindəki tədqiqat bacarıqları və Finlandiya yanaşmasındakı məlumat təqdim etmə tələblərinə uyğundur. 1-ci sinif üçün sadə araşdırma təqdimi məqsədəuyğundur.,Araşdırma nəticəsində əldə etdiyi məlumatları rabitəli şəkildə təqdim edir.,2026-03-20 11:57:04.248662
1013,1,Az_dili_I_1.3.5,Dinləmə və danışma,Anlama,asan,deyismeyib,Dinlədiyi mətnin məzmunundan çıxış edərək onun davamını təxmin edir.,PIRLS çərçəvəsindəki proqnozlaşdırma və CEFR A1 səviyyəsindəki əsas təxmin bacarıqlarına uyğundur. Yaponiya Kokugo standartlarında da mətn davamının təxmini bu səviyyədə əsasdır.,Dinlədiyi mətnin məzmunundan çıxış edərək onun davamını təxmin edir.,2026-03-20 11:57:04.249842
1014,1,Az_dili_I_1.4.1,Dinləmə və danışma,Tətbiq,asan,deyismeyib,Cümlə qurarkən düzgün söz sırasına əməl edir.,CEFR A1 səviyyəsindəki əsas sintaksis qaydaları və bütün beynəlxalq çərçəvələrdəki dil normaları tələblərinə uyğundur. Estoniya kurikulumunda da cümlə qurma bu səviyyədə əsasdır.,Cümlə qurarkən düzgün söz sırasına əməl edir.,2026-03-20 11:57:04.250827
1015,1,Az_dili_I_1.4.2,Dinləmə və danışma,Tətbiq,asan,deyismeyib,Danışarkən məzmuna uyğun intonasiyadan istifadə edir.,İrlandiya modelindəki şifahi ifadə və CEFR A1 səviyyəsindəki ekspressiv nitq tələblərinə uyğundur. İntonasiya istifadəsi bu sinif üçün məqsədəuyğundur.,Danışarkən məzmuna uyğun intonasiyadan istifadə edir.,2026-03-20 11:57:04.251873
1137,1,Az_dili_I_1.5.1,Dinləmə və danışma,Tetbiq,asan,yeni_yazilmis,Vizual əlaqə: Müzakirə zamanı müvafiq jest və mimikalardan istifadə edir.,CEFR A1 səviyyəsi üçün qeyri-verbal ünsiyyət bacarıqları vacibdir. Finlandiya və Estoniya kurikulumlarında vizual əlaqə bacarıqları erkən yaşlardan öyrədilir.,"",2026-03-20 12:48:28.445341
1016,1,Az_dili_I_2.1.1,Oxu,Xatırlama,asan,yenilenib,İlkin oxu bacarığı nümayiş etdirir və hər hərfi düzgün tanıyır.,Köhnə standart çox ümumi idi və ölçülə bilən nəticə vermirdi. PIRLS çərçəvəsində hərfləri tanıma və səs-hərf uyğunluğu əsasdır. Finlandiya modelində fonetik şüur və Sinqapur STELLAR proqramında sistematik hərfləri öyrənmə daha dəqiqdir. Yeni standart konkret hərfləri tanıma bacarığını ölçməyə imkan verir.,İlkin oxu bacarığı nümayiş etdirir.,2026-03-20 11:57:04.252787
1017,1,Az_dili_I_2.1.2,Oxu,Tətbiq,asan,deyismeyib,Cümlə sonunda durğu işarələrini nəzərə almaqla oxuyur.,PIRLS çərçəvəsindəki ifadəli oxu və CEFR A1 səviyyəsindəki əsas intonasiya tələblərinə uyğundur. Yaponiya Kokugo standartlarında da punktuasiya ilə oxumaq bu səviyyədə əsasdır.,Cümlə sonunda durğu işarələrini nəzərə almaqla oxuyur.,2026-03-20 11:57:04.253678
1018,1,Az_dili_I_2.2.1,Oxu,Xatırlama,asan,deyismeyib,"Oxuduğu mətndəki hadisələri, obrazları, zaman və məkanı müəyyənləşdirir.",PIRLS çərçəvəsindəki aydın məlumatın tapılması və CEFR A1 səviyyəsindəki faktoloji anlama tələblərinə tam uyğundur. Ontario modelində də əsas mətn elementləri bu səviyyədə əsasdır.,"Oxuduğu mətndəki hadisələri, obrazları, zaman və məkanı müəyyənləşdirir.",2026-03-20 11:57:04.254548
1019,1,Az_dili_I_2.2.2,Oxu,Anlama,asan,deyismeyib,Verbal informasiyanı qrafik təsvirlə uyğunlaşdırır.,PISA çoxmodal oxu və Finlandiya modelindəki mətn-şəkil inteqrasiyası tələblərinə uyğundur. Vizual və verbal məlumatın birləşdirilməsi bu sinif üçün məqsədəuyğundur.,Verbal informasiyanı qrafik təsvirlə uyğunlaşdırır.,2026-03-20 11:57:04.255781
1020,1,Az_dili_I_2.2.3,Oxu,Anlama,asan,deyismeyib,Mətndə rast gəldiyi söz və ifadələrin mənasını anladığını nümayiş etdirir.,PIRLS çərçəvəsindəki leksik anlama və CEFR A1 səviyyəsindəki söz hazinəsi tələblərinə uyğundur. Estoniya kurikulumunda da kontekstdən söz mənası anlama bu səviyyədə əsasdır.,Mətndə rast gəldiyi söz və ifadələrin mənasını anladığını nümayiş etdirir.,2026-03-20 11:57:04.256838
1021,1,Az_dili_I_2.3.1,Oxu,Analiz,orta,yenilenib,Mətndəki hadisələr arasındakı səbəb-nəticə əlaqəsini müəyyən edir və sadə nəticələr çıxarır.,"Köhnə standartda yalnız əlaqəni müəyyən etmək var idi, lakin PIRLS çərçəvəsində birbaşa nəticə çıxarma və Yaponiya Kokugo standartlarında məntiq əlaqələrini anlama daha ətraflıdır. Sinqapur STELLAR proqramında kritik düşüncə və Finlandiya modelindəki analitik oxu bacarıqları tələb edilir. Yeni standart nəticə çıxarma bacarığını da əhatə edir.",Mətndəki hadisələr arasındakı səbəb-nəticə əlaqəsini müəyyən edir.,2026-03-20 11:57:04.258157
1022,1,Az_dili_I_2.3.2,Oxu,Anlama,asan,deyismeyib,Obrazların xarakterindəki əsas xüsusiyyəti müəyyən edir.,PIRLS çərçəvəsindəki karakter anlama və CEFR A1 səviyyəsindəki sadə təsvir anlama tələblərinə uyğundur. Ontario modelində də karakter xüsusiyyətləri bu səviyyədə məqsədəuyğundur.,Obrazların xarakterindəki əsas xüsusiyyəti müəyyən edir.,2026-03-20 11:57:04.259168
1023,1,Az_dili_I_2.3.3,Oxu,Anlama,orta,deyismeyib,Mətndə əsas fikri müəyyən edir.,PIRLS çərçəvəsindəki əsas ideya müəyyən etmə və PISA oxu çərçəvəsindəki mərkəzi məna anlama tələblərinə uyğundur. Yaponiya Kokugo standartlarında da əsas fikir bu səviyyədə əsasdır.,Mətndə əsas fikri müəyyən edir.,2026-03-20 11:57:04.260223
1024,1,Az_dili_I_2.4.1,Oxu,Qiymətləndirmə,orta,deyismeyib,Mətndəki obrazlara və onların davranışına münasibətini bildirir.,PIRLS çərçəvəsindəki məzmun qiymətləndirmə və PISA oxu çərçəvəsindəki əks etdirmə tələblərinə uyğundur. Ontario modelində də şəxsi reaksiya bu səviyyədə məqsədəuyğundur.,Mətndəki obrazlara və onların davranışına münasibətini bildirir.,2026-03-20 11:57:04.261191
1025,1,Az_dili_I_2.4.2,Oxu,Yaratma,orta,deyismeyib,Təxəyyülündən çıxış edərək mətnin məzmununa yaradıcı yanaşır.,Yaponiya Kokugo standartlarındakı yaradıcı ifadə və Ontario modelindəki yaradıcılıq tələblərinə uyğundur. Təxəyyül və yaradıcı yanaşma bu sinif üçün inkişafedici faktordur.,Təxəyyülündən çıxış edərək mətnin məzmununa yaradıcı yanaşır.,2026-03-20 11:57:04.262422
1026,1,Az_dili_I_2.4.3,Oxu,Anlama,orta,deyismeyib,Nəzm və nəsrlə yazılmış mətnlərin məzmun-struktur xüsusiyyətlərini müəyyən edir.,PIRLS çərçəvəsindəki mətn növləri və Yaponiya Kokugo standartlarındakı ədəbi forma anlama tələblərinə uyğundur. Nəzm və nəsri fərqləndirmək bu səviyyədə məqsədəuyğundur.,Nəzm və nəsrlə yazılmış mətnlərin məzmun-struktur xüsusiyyətlərini müəyyən edir.,2026-03-20 11:57:04.263347
1138,1,Az_dili_I_2.5.1,Oxu,Analiz,orta,yeni_yazilmis,"Multimodal oxu: Şəkilli mətnləri (komikslər, diaqramlar) oxuyur və təhlil edir.",PIRLS 2021-də multimodal mətnlərin oxunması əsas bacarıqlardandır. Sinqapur və Kanada kurikulumlarında vizual savadlılıq erkən mərhələlərdən daxil edilir.,"",2026-03-20 12:48:28.448163
1027,1,Az_dili_I_3.1.1,Yazı,Tətbiq,asan,deyismeyib,Yazısında hüsnxət normalarına riayət edir.,CEFR A1 səviyyəsindəki yazı texnikası və Yaponiya Kokugo standartlarındakı kaliqrafiya tələblərinə uyğundur. Hüsnxət bu sinif üçün əsas motor bacarıqdır.,Yazısında hüsnxət normalarına riayət edir.,2026-03-20 11:57:04.26428
1028,1,Az_dili_I_3.1.2,Yazı,Tətbiq,asan,deyismeyib,Yazısında hadisələrin ardıcıllığına riayət edir.,CEFR A1 səviyyəsindəki mətn təşkili və Ontario modelindəki mətn strukturu tələblərinə uyğundur. Ardıcıllıq bu sinif üçün əsas yazı bacarığıdır.,Yazısında hadisələrin ardıcıllığına riayət edir.,2026-03-20 11:57:04.265493
1029,1,Az_dili_I_3.1.3,Yazı,Tətbiq,asan,deyismeyib,Öyrəndiyi sadə orfoqrafiya və punktuasiya qaydalarına yazısında riayət edir.,CEFR A1 səviyyəsindəki yazı normaları və Estoniya kurikulumundakı təməl orfoqrafiya tələblərinə tam uyğundur. Sadə qaydalar bu sinif üçün məqsədəuyğundur.,Öyrəndiyi sadə orfoqrafiya və punktuasiya qaydalarına yazısında riayət edir.,2026-03-20 11:57:04.26682
1030,1,Az_dili_I_3.2.1,Yazı,Tətbiq,asan,deyismeyib,Bildiyi məlumatları yazıda əks etdirir.,CEFR A1 səviyyəsindəki sadə yazı və Ontario modelindəki şəxsi məlumat paylaşımı tələblərinə uyğundur. Bildiklərini yazıda ifadə etmək bu səviyyədə əsasdır.,Bildiyi məlumatları yazıda əks etdirir.,2026-03-20 11:57:04.267988
1031,1,Az_dili_I_3.2.2,Yazı,Tətbiq,orta,deyismeyib,Verilmiş plan əsasında mövzu ilə bağlı fikirlərini yazır.,Ontario modelindəki strukturlu yazı və Finlandiya yanaşmasındakı plan əsaslı yazı tələblərinə uyğundur. Plan əsasında yazı bu sinif üçün mühüm bacarıqdır.,Verilmiş plan əsasında mövzu ilə bağlı fikirlərini yazır.,2026-03-20 11:57:04.269063
1032,1,Az_dili_I_3.2.3,Yazı,Tətbiq,asan,deyismeyib,"Sadə əməli yazılar (anket, açıqca) yazır.",CEFR A1 səviyyəsindəki praktik yazı və Sinqapur STELLAR proqramındakı real həyat yazı tələblərinə uyğundur. Əməli yazı bu sinif üçün məqsədəuyğundur.,"Sadə əməli yazılar (anket, açıqca) yazır.",2026-03-20 11:57:04.270048
1033,1,Az_dili_I_3.2.4,Yazı,Tətbiq,orta,deyismeyib,Təqdimat üçün müxtəlif vizual forma və üsullar seçir.,İrlandiya modelindəki multimodal təqdimat və PISA 2025 çoxmodal yazı tələblərinə uyğundur. Vizual forma seçimi bu sinif üçün inkişafedici bacarıqdır.,Təqdimat üçün müxtəlif vizual forma və üsullar seçir.,2026-03-20 11:57:04.271023
1140,1,Az_dili_I_3.3.1,Yazı,Qiymetlendirme,orta,yeni_yazilmis,Redaktə və təkmilləşdirmə: Yazısını yenidən oxuyaraq sadə səhvləri düzəldir.,PISA yazı bacarıqlarında redaktə prosesi əsasdır. Finlandiya və Estoniya kurikulumlarında özünü qiymətləndirmə bacarıqları erkən yaşlardan inkişaf etdirilir.,"",2026-03-20 12:48:28.450516
1040,2,Az_dili_II_4.1.1,Dil qaydaları,Xatırlama,asan,deyismeyib,Saitlərin növlərini müəyyən edir.,CEFR A1 səviyyəsi və 2-ci sinif üçün Bloom xatırlama səviyyəsi tamamilə uyğundur. PIRLS fonetik bilik bazası tələbini ödəyir və əsas dil qaydalarının mənimsənilməsi üçün vacibdir.,Saitlərin növlərini müəyyən edir.,2026-03-20 12:03:42.117836
1041,2,Az_dili_II_4.1.2,Dil qaydaları,Xatırlama,asan,deyismeyib,Sözlərin əlifba sırasına uyğun ardıcıllığını müəyyən edir.,2-ci sinif CEFR A1 səviyyəsi üçün əlifba bilgisi əsas bacarıqdır. PIRLS informasiya axtarışı bacarıqlarının əsasını qoyur və lüğət istifadə bacarığı üçün vacibdir.,Sözlərin əlifba sırasına uyğun ardıcıllığını müəyyən edir.,2026-03-20 12:03:42.118797
1039,2,Az_dili_II_4.1.3,Dil qaydaları,Tətbiq,asan,yenilenib,Yazıda sadə orfoqrafik normalarına riayət edir və yazı səhvlərini özünü yoxlamaqla düzəldir.,"Köhnə standartda yalnız passiv norma riayəti var idi, öz-özünə yoxlama və səhv düzəltmə bacarığı yox idi. Yeni mətn Finlandiya və Sinqapur modelindəki metakognitiv strategiyaları əks etdirir - şagird yalnız yazmır, həm də öz yazısını təhlil edə bilir. Bu, PIRLS 2026-nın özünüidarəetmə komponentinə və müasir təhsilin refleksiv düşüncə tələbinə cavab verir.",Yazıda sadə orfoqrafik normalarına riayət edir.,2026-03-20 12:03:42.115267
1042,2,Az_dili_II_4.2.1,Dil qaydaları,Anlama,asan,deyismeyib,"Ad, əlamət, say, hərəkət bildirən sözlərin ümumi qrammatik mənalarını və morfoloji tərkibini müəyyən edir.",Standart CEFR A1 səviyyəsində əsas qrammatik anlayışları əhatə edir və PIRLS dil strukturu anlayışı tələbinə cavab verir. Yaş səviyyəsi üçün uyğundur.,"Ad, əlamət, say, hərəkət bildirən sözlərin ümumi qrammatik mənalarını və morfoloji tərkibini müəyyən edir.",2026-03-20 12:03:42.11975
1043,2,Az_dili_II_4.2.2,Dil qaydaları,Anlama,asan,deyismeyib,"Cümlənin ifadə etdiyi fikri müəyyən edir, məqsəd və intonasiyaya görə növlərini fərqləndirir.",PIRLS mətn strukturu anlayışı və CEFR A1 əsas cümlə quruluşu tələblərini ödəyir. Şifahi və yazılı komunikasiya üçün zəruridir.,"Cümlənin ifadə etdiyi fikri müəyyən edir, məqsəd və intonasiyaya görə növlərini fərqləndirir.",2026-03-20 12:03:42.120637
1045,2,Az_dili_II_4.3.1,Dil qaydaları,Tətbiq,asan,deyismeyib,Cümlə sonunda müvafiq durğu işarələrindən istifadə edir.,CEFR A1 əsas yazı bacarıqları və PIRLS mətn anlayışı üçün fundamental bacarıqdır. 2-ci sinif üçün uyğun çətinlik səviyyəsi.,Cümlə sonunda müvafiq durğu işarələrindən istifadə edir.,2026-03-20 12:03:42.123243
1044,2,Az_dili_II_4.3.2,Dil qaydaları,Tətbiq,asan,deyismeyib,Vergül işarəsindən istifadə ilə bağlı sadə qaydalara əməl edir.,CEFR A1 yazı normalarına uyğundur və PIRLS mətn strukturu anlayışının inkişafı üçün vacibdir. Bloom tətbiq səviyyəsi yaş qrupuna uyğundur.,Vergül işarəsindən istifadə ilə bağlı sadə qaydalara əməl edir.,2026-03-20 12:03:42.121978
1046,2,Az_dili_II_4.4.1,Dil qaydaları,Anlama,asan,deyismeyib,Kontekstdən çıxış edərək sözün mənasını müəyyən edir.,PISA məlumat əldə etmə və PIRLS interpretasiya bacarıqlarının əsasını təşkil edir. CEFR A1 leksik bacarıqlarına tam uyğundur.,Kontekstdən çıxış edərək sözün mənasını müəyyən edir.,2026-03-20 12:03:42.124317
1047,2,Az_dili_II_4.4.2,Dil qaydaları,Anlama,asan,deyismeyib,Sözlərin mənalarını müxtəlif üsullarla izah edir.,PIRLS leksik bacarıqlar və PISA interpretasiya tələblərinə uyğundur. Sözlük inkişafı üçün vacib komponentdir.,Sözlərin mənalarını müxtəlif üsullarla izah edir.,2026-03-20 12:03:42.125361
1144,2,Az_dili_II_4.5.1,Dil qaydaları,Tetbiq,asan,yeni_yazilmis,"Dil funksiyalarını tətbiq edir: Təbrik etmə, xahiş etmə, təşəkkür etmə kimi sadə dil funksiyalarını müvafiq kontekstdə istifadə edir.",CEFR A1 səviyyəsinin funksional dil istifadəsi tələbinə əsasən - pragmatik kompetensiya boşluğunu doldurur,"",2026-03-20 12:49:23.137506
1049,2,Az_dili_II_1.1.1,Dinləmə və danışma,Xatırlama,asan,deyismeyib,Dinlədiyi mətndəki əsas məqamlarla bağlı faktoloji suallara cavab verir.,PISA məlumat axtarışı və PIRLS faktoloji qavrama bacarıqlarının tam əsasını təşkil edir. 2-ci sinif üçün fundamental dinləmə bacarığıdır.,Dinlədiyi mətndəki əsas məqamlarla bağlı faktoloji suallara cavab verir.,2026-03-20 12:03:42.127252
1048,2,Az_dili_II_1.1.2,Dinləmə və danışma,Anlama,asan,yenilenib,Dinlədiyi mətnin məzmununu öz sözləri ilə izah edir və əsas ideya haqqında sadə münasibət bildirir.,Köhnə standartda 'şərh etmək' 2-ci sinif CEFR A1 üçün çox mücərrəd idi və nəyin necə ediləcəyi aydın deyildi. Yeni mətn Finlandiya modelindəki mərhələli öyrənmə yanaşmasını və Sinqapur STELLAR proqramının sadə dildə ifadə etmə strategiyasını əks etdirir. PIRLS əsas məzmun anlayışı tələbinə uyğun olaraq 'öz sözləri ilə' komponenti əlavə edilib.,"Dinlədiyi mətnin məzmununu şərh edir, obraz və fikirlərə münasibət bildirir.",2026-03-20 12:03:42.126345
1050,2,Az_dili_II_1.1.3,Dinləmə və danışma,Anlama,asan,yenilenib,Dinlədiyi mətndəki hadisələr əsasında sadə proqnozlar verir.,"Köhnə standart 'genişləndirmək' və 'təxmin etmək' kimi iki fərqli bacarığı qarışdırırdı və 2-ci sinif üçün çox qeyri-müəyyən idi. Yeni mətn PIRLS inferensial oxu bacarıqlarına uyğun olaraq yalnız proqnoz verməyə fokuslanır və Yaponiya Kokugo modelindəki məntiqli nəticə çıxarma yanaşmasından istifadə edir. Bu, həm daha aydın ölçülə bilən, həm də CEFR A1 səviyyəsinə uyğundur.","Dinlədiyi mətni genişləndirir, davamını təxmin edir.",2026-03-20 12:03:42.128255
1051,2,Az_dili_II_1.2.1,Dinləmə və danışma,Anlama,asan,deyismeyib,Həyatdan və əldə etdiyi məlumatlardan nümunələr gətirməklə dinlədiyi fikrə münasibət bildirir.,PISA əks etdirmə və qiymətləndirmə bacarıqlarının A1 səviyyədəki təzahürüdür. Ontario modelindəki real həyat əlaqəsi prinsipinə uyğundur.,Həyatdan və əldə etdiyi məlumatlardan nümunələr gətirməklə dinlədiyi fikrə münasibət bildirir.,2026-03-20 12:03:42.129312
1052,2,Az_dili_II_1.2.2,Dinləmə və danışma,Tətbiq,asan,deyismeyib,Mövzu üzrə əvvəlcədən müəyyənləşdirdiyi suallar əsasında dialoq qurur.,CEFR A1 əsas interaktiv kommunikasiya tələblərinə uyğundur və Sinqapur STELLAR modelindəki strukturlaşdırılmış dialoq yanaşmasını əks etdirir.,Mövzu üzrə əvvəlcədən müəyyənləşdirdiyi suallar əsasında dialoq qurur.,2026-03-20 12:03:42.130586
1054,2,Az_dili_II_1.3.1,Dinləmə və danışma,Anlama,asan,deyismeyib,Oxuduğu və dinlədiyi mətnləri plan əsasında nəql edir.,PIRLS mətn strukturu anlayışı və PISA inteqrasiya bacarıqlarının əsasını qoyur. 2-ci sinif üçün optimal çətinlik səviyyəsidir.,Oxuduğu və dinlədiyi mətnləri plan əsasında nəql edir.,2026-03-20 12:03:42.13285
1055,2,Az_dili_II_1.3.2,Dinləmə və danışma,Anlama,asan,deyismeyib,"Şəkil, sxem və illustrasiyaları rabitəli şəkildə şifahi təqdim edir.",Finlandiya çoxmodal mətn anlayışı və PIRLS 2026 vizual məlumat interpretasiyası tələblərinə cavab verir. Multimodal savadlılığın əsasını qoyur.,"Şəkil, sxem və illustrasiyaları rabitəli şəkildə şifahi təqdim edir.",2026-03-20 12:03:42.133766
1053,2,Az_dili_II_1.3.3,Dinləmə və danışma,Tətbiq,asan,deyismeyib,"Hər hansı hadisə, varlıq haqqında fikir və təəssüratlarını ifadə edir.",CEFR A1 şəxsi ifadə bacarıqları və Yaponiya modelindəki estetik duyum inkişafına uyğundur. Kritik düşüncənin ilkin formalarını təşviq edir.,"Hər hansı hadisə, varlıq haqqında fikir və təəssüratlarını ifadə edir.",2026-03-20 12:03:42.131885
1056,2,Az_dili_II_1.3.4,Dinləmə və danışma,Tətbiq,asan,yenilenib,Sadə araşdırma fəaliyyətlərində əldə etdiyi məlumatları 2-3 cümlə ilə təqdim edir.,"Köhnə standartda 'araşdırma' 2-ci sinif A1 səviyyəsi üçün çox mücərrəd və qeyri-müəyyən idi. Yeni mətn CEFR A1 tələblərinə uyğun olaraq konkret həcm göstəricisi (2-3 cümlə) və 'sadə araşdırma fəaliyyətləri' ifadəsi ilə dəqiqləşdirildi. Bu, Kanada Ontario modelindəki mərhələli öyrənmə və Estoniya kurikulumundaki praktik yönlü yanaşmadan əsaslanır.",Araşdırma nəticəsində əldə etdiyi məlumatları rabitəli şəkildə təqdim edir.,2026-03-20 12:03:42.13462
1057,2,Az_dili_II_1.4.1,Dinləmə və danışma,Tətbiq,asan,deyismeyib,Nitqində yeni öyrəndiyi söz və ifadələrdən kontekstə uyğun istifadə edir.,CEFR A1 leksik inkişaf və PIRLS sözlük genişləndirilməsi tələblərinə tam uyğundur. Kommunikativ yanaşmanın əsas komponentidir.,Nitqində yeni öyrəndiyi söz və ifadələrdən kontekstə uyğun istifadə edir.,2026-03-20 12:03:42.135511
1058,2,Az_dili_II_1.4.2,Dinləmə və danışma,Tətbiq,asan,yenilenib,Danışarkən səs tonunu tənzimləyir və sadə məntiqi vurğulardan istifadə edir.,"Köhnə mətn qrammatik cəhətdən natamam idi və feil forması yox idi, bu da standartı qeyri-müəyyən edirdi. Yeni mətn İrlandiya Gaeilge modelindəki şifahi performans standartlarından əsaslanaraq düzəldildi və aydın feil formaları ilə ölçülə bilən nəticəyə çevrildi. CEFR A1 səviyyəsində prozodik bacarıqların inkişafı üçün məqsədyönlü ifadə yaradılıb.","Danışarkən səs tonunun tənzimlənməsi, məntiqi vurğudan istifadə.",2026-03-20 12:03:42.136473
1142,2,Az_dili_II_1.5.1,Dinləmə və danışma,Anlama,asan,yeni_yazilmis,"Media mətnlərini anlayır: Sadə vizual mətnləri (şəkil, diaqram, işarə) şərh edir və onlardan məlumat əldə edir.",PISA 2022 yaradıcı düşüncə komponentinə əsasən - multimodal mətnlərlə işləmə bacarığını inkişaf etdirir,"",2026-03-20 12:49:23.135352
1060,2,Az_dili_II_2.1.1,Oxu,Tətbiq,asan,deyismeyib,Müvafiq mətnləri sürətli və aydın səslə oxuyur.,PIRLS səlis oxu və CEFR A1 əsas oxu bacarıqlarının fundamental komponenti. Bütün digər oxu bacarıqlarının əsasını təşkil edir.,Müvafiq mətnləri sürətli və aydın səslə oxuyur.,2026-03-20 12:03:42.138413
1059,2,Az_dili_II_2.1.2,Oxu,Tətbiq,asan,deyismeyib,Cümlədə durğu işarələrini nəzərə almaqla oxuyur.,PIRLS səlis oxu tələbləri və CEFR A1 əsas oxu bacarıqlarına tam uyğundur. Mətn anlayışının əsas komponentidir.,Cümlədə durğu işarələrini nəzərə almaqla oxuyur.,2026-03-20 12:03:42.137383
1061,2,Az_dili_II_2.2.1,Oxu,Xatırlama,asan,deyismeyib,"Oxuduğu mətndəki hadisələri, obrazları, zaman, məkan, fakt və fikirləri müəyyənləşdirir.",PIRLS faktoloji qavrama və PISA məlumat axtarışı bacarıqlarının tam əsasını təşkil edir. Mətn elementlərinin sistemli identifikasiyasını təmin edir.,"Oxuduğu mətndəki hadisələri, obrazları, zaman, məkan, fakt və fikirləri müəyyənləşdirir.",2026-03-20 12:03:42.139665
1062,2,Az_dili_II_2.2.2,Oxu,Anlama,asan,deyismeyib,Qrafik təsvirlərdən istifadə etməklə mətndəki məlumatları mənimsədiyini nümayiş etdirir.,Finlandiya çoxmodal mətn anlayışı və PIRLS 2026 vizual məlumat inteqrasiyası tələblərinə cavab verir. 21-ci əsr savadlılıq bacarıqlarının təməlini qoyur.,Qrafik təsvirlərdən istifadə etməklə mətndəki məlumatları mənimsədiyini nümayiş etdirir.,2026-03-20 12:03:42.14075
1063,2,Az_dili_II_2.2.3,Oxu,Anlama,asan,deyismeyib,Kontekstdən çıxış edərək sözün mənasını müəyyən edir.,PISA interpretasiya və PIRLS mətn-kontekst əlaqəsi bacarıqlarının əsas komponenti. Sözlük genişləndirilməsi strategiyalarının təməlidir.,Kontekstdən çıxış edərək sözün mənasını müəyyən edir.,2026-03-20 12:03:42.141806
1064,2,Az_dili_II_2.3.1,Oxu,Anlama,asan,deyismeyib,"Mətndəki hadisə, fakt və fikirlərin arasındakı əlaqəni müəyyən edir.",PIRLS inteqrasiya və PISA interpretasiya bacarıqlarının 2-ci sinif səviyyəsində təzahürü. Mətn daxili əlaqələrin anlayışı üçün vacibdir.,"Mətndəki hadisə, fakt və fikirlərin arasındakı əlaqəni müəyyən edir.",2026-03-20 12:03:42.142798
1065,2,Az_dili_II_2.3.2,Oxu,Analiz,orta,deyismeyib,Mətndəki hadisələr və obrazların davranışından çıxış edərək xarakterləri təhlil edir.,"Yaponiya Kokugo modelindəki dərin oxu yanaşmasına uyğun olsa da, CEFR A1 və 2-ci sinif üçün Bloom analiz səviyyəsi ağır olsa da, mətn anlayışının inkişafı üçün vacibdir.",Mətndəki hadisələr və obrazların davranışından çıxış edərək xarakterləri təhlil edir.,2026-03-20 12:03:42.143824
1066,2,Az_dili_II_2.3.3,Oxu,Anlama,asan,deyismeyib,Mətndə əsas fikri müəyyən edir.,PIRLS mərkəzi ideya müəyyən etmə və PISA əsas məzmun anlayışı bacarıqlarının fundamental komponenti. Bütün mətn növləri üçün vacib bacarıqdır.,Mətndə əsas fikri müəyyən edir.,2026-03-20 12:03:42.145189
1067,2,Az_dili_II_2.4.1,Oxu,Anlama,asan,deyismeyib,"Mətndəki fakt, hadisə və obrazlara münasibətini bildirir.",PISA əks etdirmə və qiymətləndirmə bacarıqlarının A1 səviyyəsində təzahürü. Tənqidi düşüncənin ilkin formalarını inkişaf etdirir.,"Mətndəki fakt, hadisə və obrazlara münasibətini bildirir.",2026-03-20 12:03:42.146256
1068,2,Az_dili_II_2.4.2,Oxu,Yaratma,orta,deyismeyib,Mətni təxəyyülünə uyğun davam etdirir.,"Yaponiya yaradıcılıq yanaşması və PISA yaradıcı təfəkkür komponentinə uyğundur. 2-ci sinif üçün Bloom yaratma səviyyəsi ağır olsa da, təxəyyül inkişafı üçün vacibdir.",Mətni təxəyyülünə uyğun davam etdirir.,2026-03-20 12:03:42.147423
1069,2,Az_dili_II_2.4.3,Oxu,Anlama,orta,deyismeyib,Bədii və qeyri-bədii mətnlərin məzmun-struktur xüsusiyyətlərini izah edir.,PIRLS mətn növləri anlayışı və müasir mətn tipoloji yanaşmasına uyğundur. Genre fərqləndirməsi üçün əsas bacarıqdır.,Bədii və qeyri-bədii mətnlərin məzmun-struktur xüsusiyyətlərini izah edir.,2026-03-20 12:03:42.148521
1070,2,Az_dili_II_2.4.4,Oxu,Analiz,orta,deyismeyib,"Müxtəlif mətnləri mövzu, məzmun və ideya baxımından müqayisə edir.","PISA çoxsaylı mətn müqayisəsi və tənqidi savadlılıq bacarıqlarının təməli. 2-ci sinif üçün çətin olsa da, analitik düşüncə inkişafı üçün vacibdir.","Müxtəlif mətnləri mövzu, məzmun və ideya baxımından müqayisə edir.",2026-03-20 12:03:42.149517
1141,2,Az_dili_II_2.5.1,Oxu,Anlama,asan,yeni_yazilmis,"Mətn növlərini tanıyır və fərqləndirir: Nağıl, şeir, məktub, elan kimi sadə mətn növlərini müəyyən edir.",PIRLS standartlarına əsasən mətn növlərini tanıma bacarığı - A1 səviyyəsində mətn tipologiyası üzrə boşluğu doldurur,"",2026-03-20 12:49:23.132584
1071,2,Az_dili_II_3.1.1,Yazı,Tətbiq,asan,deyismeyib,Yazısının aydın və oxunaqlı olması üçün müvafiq yazı normalarına əməl edir.,CEFR A1 əsas yazı bacarıqları və bütün yazılı kommunikasiyanın əsasını təşkil edən texniki bacarıq. Fundamental yazı normaları üçün vacibdir.,Yazısının aydın və oxunaqlı olması üçün müvafiq yazı normalarına əməl edir.,2026-03-20 12:03:42.150497
1072,2,Az_dili_II_3.1.2,Yazı,Tətbiq,asan,deyismeyib,Məlumatları ardıcıllıqla əks etdirir.,CEFR A1 mətn təşkili və PIRLS yazı strukturu bacarıqlarının əsas komponenti. Koherent yazı üçün fundamental bacarıqdır.,Məlumatları ardıcıllıqla əks etdirir.,2026-03-20 12:03:42.151405
1073,2,Az_dili_II_3.1.3,Yazı,Tətbiq,asan,deyismeyib,"Öyrəndiyi sadə orfoqrafiya, qrammatika və punktuasiya qaydalarına yazısında riayət edir.",CEFR A1 yazı doğruluğu və dil qaydalarının praktik tətbiqi üçün vacib bacarıq. Ədəbi dil normalarının mənimsənilməsinin göstəricisidir.,"Öyrəndiyi sadə orfoqrafiya, qrammatika və punktuasiya qaydalarına yazısında riayət edir.",2026-03-20 12:03:42.152326
1074,2,Az_dili_II_3.2.1,Yazı,Tətbiq,asan,deyismeyib,Bildiyi və ya yeni tanış olduğu məlumatları yazısında əks etdirir.,CEFR A1 şəxsi məlumat paylaşımı və Sinqapur STELLAR modelindəki təcrübə əsaslı yazı yanaşmasına uyğundur.,Bildiyi və ya yeni tanış olduğu məlumatları yazısında əks etdirir.,2026-03-20 12:03:42.153287
1075,2,Az_dili_II_3.2.2,Yazı,Yaratma,orta,deyismeyib,Təxəyyülünə əsasən sadə süjetli bədii mətn yazır.,Yaponiya yaradıcı yazı və İrlandiya storytelling ənənəsi yanaşmalarına uyğundur. Yaradıcı təfəkkürün inkişafı üçün vacibdir.,Təxəyyülünə əsasən sadə süjetli bədii mətn yazır.,2026-03-20 12:03:42.154276
1076,2,Az_dili_II_3.2.3,Yazı,Tətbiq,asan,deyismeyib,Suallar əsasında mövzu ilə bağlı qeyri-bədii (informativ) mətn yazır.,PIRLS qeyri-bədii mətn yazma və informativ yazı bacarıqlarının təməli. Akademik yazının ilkin formalarını inkişaf etdirir.,Suallar əsasında mövzu ilə bağlı qeyri-bədii (informativ) mətn yazır.,2026-03-20 12:03:42.155411
1077,2,Az_dili_II_3.2.4,Yazı,Tətbiq,asan,deyismeyib,Təqdimat üçün müxtəlif vizual forma və üsullar seçir.,Finlandiya çoxmodal yazı və 21-ci əsr rəqəmsal savadlılıq bacarıqlarının təməlinə uyğundur. Multimodal kommunikasiya üçün vacibdir.,Təqdimat üçün müxtəlif vizual forma və üsullar seçir.,2026-03-20 12:03:42.156742
1143,2,Az_dili_II_3.3.1,Yazı,Tetbiq,orta,yeni_yazilmis,Yazı prosesini planlaşdırır: Yazıdan əvvəl sadə plan tərtib edir və ya təsvir sxemi hazırlayır.,Finlandiya və Estoniya standartlarına əsasən yazı prosesinin planlaşdırılması - mətn yaratma strategiyaları üzrə boşluğu doldurur,"",2026-03-20 12:49:23.136342
1093,3,Az_dili_III_4.1.1,Dil qaydaları,Tətbiq,asan,deyismeyib,Sözlərdə sait və samitlərin yazılış qaydalarına riayət edir.,CEFR A2 səviyyəsinə tam uyğundur və PIRLS əsas yazı bacarıqlarını əhatə edir. Finlandiya və Estoniya məktəb standartlarındakı fonetik qaydaların praktik tətbiqinə uyğun gəlir.,Sözlərdə sait və samitlərin yazılış qaydalarına riayət edir.,2026-03-20 12:33:04.74637
1094,3,Az_dili_III_4.1.2,Dil qaydaları,Tətbiq,orta,deyismeyib,Mürəkkəb sözlərin yazılış qaydalarına riayət edir.,3-cü sinif səviyyəsi üçün uyğun komplekslikdədir və Bloom taksonomiyasının Tətbiq səviyyəsini düzgün əks etdirir. Kanada-Ontario modelindəki morfologi qaydaları ilə uyğunluq göstərir.,Mürəkkəb sözlərin yazılış qaydalarına riayət edir.,2026-03-20 12:33:04.748665
1095,3,Az_dili_III_4.1.3,Dil qaydaları,Tətbiq,orta,deyismeyib,Şəkilçilərin yazılış qaydalarına əməl edir.,Morfoloji sistemin praktik mənimsənilməsi üçün zəruri standartdır və beynəlxalq təcrübədə müvafiq analoglara malikdir. CEFR A2 tələblərinə uyğun gəlir.,Şəkilçilərin yazılış qaydalarına əməl edir.,2026-03-20 12:33:04.749766
1096,3,Az_dili_III_4.2.1,Dil qaydaları,Anlama,orta,deyismeyib,Nitq hissələrinin ümumi qrammatik mənalarını və morfoloji tərkibini müəyyən edir.,Qrammatik anlayışların formalaşması üçün əsas standartdır. Finlandiya ana dili kurikulumundakı sistemli dil öyrənmə yanaşması ilə uyğunluq göstərir.,Nitq hissələrinin ümumi qrammatik mənalarını və morfoloji tərkibini müəyyən edir.,2026-03-20 12:33:04.750783
1097,3,Az_dili_III_4.2.2,Dil qaydaları,Anlama,orta,yenilenib,Sadə cümlələrdə əsas üzvləri müəyyən edir və onların məna əlaqəsini izah edir.,Köhnə standart 3-cü sinif üçün çox mürəkkəb idi və 'sintaktik vahidlər' termini yaşa uyğun deyildi. CEFR A2 səviyyəsinə görə sadə cümlə strukturları ilə işləmək kifayətdir. Yeni mətn Sinqapur STELLAR proqramındakı mərhələli dil öyrənmə prinsipinə uyğun olaraq sadələşdirilib və daha konkret hədəf təyin edilib.,Sintaktik vahidlərin və cümlə komponentlərini və ifadə etdiyi semantik mənanı izah edir.,2026-03-20 12:33:04.751752
1099,3,Az_dili_III_4.3.1,Dil qaydaları,Tətbiq,asan,deyismeyib,Dialoqda müvafiq durğu işarələrindən istifadə edir.,Kommunikativ yanaşmanı dəstəkləyir və PIRLS dialoq mətnləri ilə işləmə bacarığına uyğundur. İrlandiya təcrübəsindəki şifahi və yazılı nitqin inteqrasiyası prinsipinə uyğun gəlir.,Dialoqda müvafiq durğu işarələrindən istifadə edir.,2026-03-20 12:33:04.753753
1098,3,Az_dili_III_4.3.2,Dil qaydaları,Tətbiq,orta,deyismeyib,Mürəkkəb cümlədə durğu işarələrindən istifadə edir.,A2 səviyyəsi üçün uyğun komplekslikdədir və punktuasiya qaydalarının praktik tətbiqini təmin edir. Yaponiya Kokugo kurikulumundakı mətn strukturu anlayışı ilə uyğunluq göstərir.,Mürəkkəb cümlədə durğu işarələrindən istifadə edir.,2026-03-20 12:33:04.752596
1100,3,Az_dili_III_4.4.1,Dil qaydaları,Anlama,orta,deyismeyib,Kontekstdən və morfoloji tərkibdən çıxış edərək sözün mənasını müəyyən edir.,PISA məlumat əldə etmə və PIRLS kontekst interpretasiya strategiyalarına tam uyğundur. Finlandiya modelindəki dərin oxu strategiyalarını dəstəkləyir.,Kontekstdən və morfoloji tərkibdən çıxış edərək sözün mənasını müəyyən edir.,2026-03-20 12:33:04.75466
1101,3,Az_dili_III_4.4.2,Dil qaydaları,Anlama,orta,deyismeyib,Sözlərin mənalarını müxtəlif üsullarla izah edir.,Leksik inkişaf üçün əsasdır və CEFR A2 səviyyəsindəki lüğət işi tələblərinə uyğundur. Kanada-Ontario çoxüsul öyrənmə strategiyasını əks etdirir.,Sözlərin mənalarını müxtəlif üsullarla izah edir.,2026-03-20 12:33:04.755548
1136,3,Az_dili_III_4.5.1,Dil qaydaları,tətbiq etmək,asan,yeni_yazilmis,"Dil funksiyaları: Günlük həyatda istifadə olunan dil funksiyalarını (salamlama, ricə etmə, təşəkkür, üzr istəmə) uyğun kontekstdə tətbiq edir.",CEFR A2 səviyyəsi və Estoniya standartları əsasında - pragmatik kompetensiya və kommunikativ funksiyalar,"",2026-03-20 12:39:32.77281
1102,3,Az_dili_III_1.1.1,Dinləmə və danışma,Anlama,asan,deyismeyib,Dinlədiyi mətnin məzmunu ilə bağlı əsas məqamları qeyd edir və onları verilmiş şəkillərlə əlaqələndirir.,Çoxmodal mətn anlama elementini əhatə edir və PIRLS vizual-mətn əlaqəsi tələblərinə uyğundur. Finlandiya çoxsaylı mətn növləri yanaşması ilə uyğunluq göstərir.,Dinlədiyi mətnin məzmunu ilə bağlı əsas məqamları qeyd edir və onları verilmiş şəkillərlə əlaqələndirir.,2026-03-20 12:33:04.756525
1103,3,Az_dili_III_1.1.2,Dinləmə və danışma,Anlama,orta,yenilenib,Dinlədiyi mətnin əsas epizodunu müəyyən edərək mətnin ideyasını aydınlaşdırır.,Köhnə mətn qrammatik cəhətdən natamam idi və 'müəyyənləşdirilməsi' termini ilə bitərək məna yarımçıq qalırdı. PIRLS mətnin əsas ideya müəyyənləşdirmə tələbinə görə daha aydın və tam cümlə strukturu lazım idi. Yeni mətn Yaponiya Kokugo modelindəki mətn ideyası anlama strategiyasına uyğun olaraq daha dəqiq və ölçülə bilən nəticə verir.,Dinlədiyi mətni əsas epizoda istinad edərək dinlənilmiş mətnin ideyasının müəyyənləşdirilməsi.,2026-03-20 12:33:04.757703
1104,3,Az_dili_III_1.1.3,Dinləmə və danışma,Anlama,orta,deyismeyib,"Dinlədiyi mətni genişləndirir, davamını təxmin edir.",Yaradıcı düşüncə və proqnozlaşdırma bacarığını inkişaf etdirir. Sinqapur STELLAR proqramındakı əqli fəallıq strategiyalarına uyğundur.,"Dinlədiyi mətni genişləndirir, davamını təxmin edir.",2026-03-20 12:33:04.758765
1105,3,Az_dili_III_1.2.1,Dinləmə və danışma,Tətbiq,orta,deyismeyib,Müzakirələrdə çıxış edərkən mövzudan kənara çıxmır.,Kommunikativ kompetensiya və dialoq idarəetmə bacarığını inkişaf etdirir. Kanada-Ontario əməkdaşlıq yolu ilə öyrənmə strategiyası ilə uyğunluq göstərir.,Müzakirələrdə çıxış edərkən mövzudan kənara çıxmır.,2026-03-20 12:33:04.759758
1106,3,Az_dili_III_1.2.2,Dinləmə və danışma,Anlama,orta,deyismeyib,Dinlədiyi fikirlərə münasibətini bildirməsi üçün arqumentlər gətirir.,Kritik düşüncənin əsaslarını qoyur və PISA arqumentasiya strategiyalarına uyğundur. CEFR A2 səviyyəsində fikir müdafiə etmə bacarığını əhatə edir.,Dinlədiyi fikirlərə münasibətini bildirməsi üçün arqumentlər gətirir.,2026-03-20 12:33:04.760697
1107,3,Az_dili_III_1.2.3,Dinləmə və danışma,Anlama,orta,deyismeyib,Dialoq zamanı mövzu ilə bağlı müəyyən məqamları sual verməklə aydınlaşdırır.,İnteraktiv kommunikasiya bacarığını inkişaf etdirir və Sinqapur modelindəki aktiv öyrənmə strategiyalarına uyğundur. PIRLS məlumat axtarış strategiyasını dəstəkləyir.,Dialoq zamanı mövzu ilə bağlı müəyyən məqamları sual verməklə aydınlaşdırır.,2026-03-20 12:33:04.761529
1108,3,Az_dili_III_1.3.1,Dinləmə və danışma,Tətbiq,orta,deyismeyib,Oxuduğu və dinlədiyi mətnləri yaradıcı şəkildə nəql edir.,Yaradıcı ifadə və mətn transformasiyası bacarığını inkişaf etdirir. Yaponiya Kokugo modelindəki yaradıcı interpretasiya yanaşması ilə uyğunluq göstərir.,Oxuduğu və dinlədiyi mətnləri yaradıcı şəkildə nəql edir.,2026-03-20 12:33:04.76276
1109,3,Az_dili_III_1.3.2,Dinləmə və danışma,Tətbiq,orta,deyismeyib,Qrafik və ya verbal-qrafik informasiyanı rabitəli şəkildə şifahi təqdim edir.,Çoxmodal mətn təqdim bacarığını əhatə edir və Finlandiya media savadlılığı yanaşmasına uyğundur. PISA çoxsaylı mənbə inteqrasiyası tələblərinə cavab verir.,Qrafik və ya verbal-qrafik informasiyanı rabitəli şəkildə şifahi təqdim edir.,2026-03-20 12:33:04.763702
1110,3,Az_dili_III_1.3.3,Dinləmə və danışma,Tətbiq,orta,deyismeyib,"Mövzu ilə bağlı bildiklərini, fikir və təəssüratlarını rabitəli şəkildə təqdim edir.",Şəxsi təcrübənin ifadəsi və rabitəli nitq inkişafı üçün zəruri komponentdir. CEFR A2 kommunikativ kompetensiya tələblərinə tam uyğundur.,"Mövzu ilə bağlı bildiklərini, fikir və təəssüratlarını rabitəli şəkildə təqdim edir.",2026-03-20 12:33:04.7647
1111,3,Az_dili_III_1.3.4,Dinləmə və danışma,Tətbiq,cetin,deyismeyib,Araşdırma nəticəsində əldə etdiyi məlumatları rabitəli şəkildə təqdim edir.,Araşdırma bacarığı və məlumat təqdim kompetensiyasını birləşdirir. Estoniya modelindəki informasiya mühitində naviqasiya strategiyası ilə uyğunluq göstərir.,Araşdırma nəticəsində əldə etdiyi məlumatları rabitəli şəkildə təqdim edir.,2026-03-20 12:33:04.765888
1113,3,Az_dili_III_1.4.1,Dinləmə və danışma,Tətbiq,asan,deyismeyib,Cümlə qurarkən sözləri uyğun qrammatik formada işlədir.,Qrammatik düzgünlük və ədəbi dilin normaları üçün əsas komponentdir. CEFR A2 səviyyəsindəki dil strukturları tələbinə tam uyğundur.,Cümlə qurarkən sözləri uyğun qrammatik formada işlədir.,2026-03-20 12:33:04.767884
1112,3,Az_dili_III_1.4.2,Dinləmə və danışma,Tətbiq,orta,deyismeyib,"Danışarkən emosiyalarını nümayiş etdirmək üçün intonasiya, jest və mimikadan istifadə edir.",Multimodal kommunikasiya bacarığını əhatə edir və İrlandiya şifahi ənənə modelindəki ifadəli çatdırma strategiyası ilə uyğunluq göstərir.,"Danışarkən emosiyalarını nümayiş etdirmək üçün intonasiya, jest və mimikadan istifadə edir.",2026-03-20 12:33:04.76693
1133,3,Az_dili_III_1.5.1,Dinləmə və danışma,yaratmaq,orta,yeni_yazilmis,"Dinləyib-anlama strategiyaları: Dinlədikləri əsasında qrafik təşkiledicilər (xəritələr, diaqramlar, cədvəllər) yaradır.",PISA oxu bacarıqları və CEFR A2 səviyyəsi əsasında - məlumat emalı və vizuallaşdırma bacarıqları,"",2026-03-20 12:39:32.766245
1114,3,Az_dili_III_2.1.1,Oxu,Tətbiq,asan,deyismeyib,"Müvafiq mətnləri sürətli, səlis, aydın səslə oxuyur.",PIRLS səlis oxu tələblərinə tam uyğundur və oxu səriştəsinin əsasını təşkil edir. Bütün beynəlxalq çərçəvələrdə mövcud olan zəruri komponentdir.,"Müvafiq mətnləri sürətli, səlis, aydın səslə oxuyur.",2026-03-20 12:33:04.76882
1115,3,Az_dili_III_2.1.2,Oxu,Tətbiq,orta,deyismeyib,Dialoji mətni uyğun səs tonları ilə oxuyur.,İfadəli oxu bacarığı və mətn interpretasiyasının şifahi nümayişi üçün vacibdir. Yaponiya və İrlandiya modellərinə uyğun ekspressiv oxu komponentini əhatə edir.,Dialoji mətni uyğun səs tonları ilə oxuyur.,2026-03-20 12:33:04.769665
1116,3,Az_dili_III_2.2.1,Oxu,Anlama,orta,deyismeyib,Qeyd götürməklə mətndəki əsas məlumatları mənimsədiyini nümayiş etdirir.,PIRLS faktoloji qavrama və PISA məlumat əldə etmə strategiyalarına tam uyğundur. Öyrənmə strategiyalarının inkişafı üçün vacib komponentdir.,Qeyd götürməklə mətndəki əsas məlumatları mənimsədiyini nümayiş etdirir.,2026-03-20 12:33:04.770841
1117,3,Az_dili_III_2.2.2,Oxu,Anlama,orta,deyismeyib,Verbal-qrafik informasiyanı mənimsədiyini nümayiş etdirir.,Çoxmodal mətn oxu bacarığını əhatə edir və PISA 2025 çoxsaylı mənbə anlama tələblərinə uyğundur. Finlandiya modelindəki vizual savadlılıq komponentini dəstəkləyir.,Verbal-qrafik informasiyanı mənimsədiyini nümayiş etdirir.,2026-03-20 12:33:04.771771
1118,3,Az_dili_III_2.2.3,Oxu,Anlama,orta,deyismeyib,Kontekstdən çıxış edərək söz və ifadələrin mənasını müəyyən edir və verilmiş izahla müqayisə edir.,PIRLS kontekst strategiyası və PISA məlumat interpretasiya tələblərinə tam uyğundur. Leksik inkişaf və oxu anlama strategiyalarını birləşdirir.,Kontekstdən çıxış edərək söz və ifadələrin mənasını müəyyən edir və verilmiş izahla müqayisə edir.,2026-03-20 12:33:04.772764
1119,3,Az_dili_III_2.3.1,Oxu,Anlama,orta,deyismeyib,Ümumi məzmun səviyyəsində səbəb-nəticə əlaqəsini müəyyənləşdirir.,PIRLS interpretasiya və PISA inteqrasiya strategiyalarına uyğundur. Məntiqi düşüncə və mətn əlaqələrini anlama bacarığını inkişaf etdirir.,Ümumi məzmun səviyyəsində səbəb-nəticə əlaqəsini müəyyənləşdirir.,2026-03-20 12:33:04.774033
1120,3,Az_dili_III_2.3.2,Oxu,Analiz,orta,deyismeyib,Mətndəki hadisələrə və dialoqlara görə obrazlar haqqında fikir yürüdür.,Ədəbi təhlil bacarığının əsaslarını qoyur və Yaponiya Kokugo modelindəki obraz təhlili strategiyasına uyğundur. PIRLS interpretasiya tələblərinə tam cavab verir.,Mətndəki hadisələrə və dialoqlara görə obrazlar haqqında fikir yürüdür.,2026-03-20 12:33:04.775112
1121,3,Az_dili_III_2.3.3,Oxu,Anlama,orta,deyismeyib,Mətndə əsas fikrin açılmasına xidmət edən məqamları müəyyənləşdirir.,PIRLS ideyaların inteqrasiyası və PISA məlumat sintezi tələblərinə uyğundur. Mətn strukturu anlama bacarığını inkişaf etdirir.,Mətndə əsas fikrin açılmasına xidmət edən məqamları müəyyənləşdirir.,2026-03-20 12:33:04.77607
1122,3,Az_dili_III_2.4.1,Oxu,Qiymətləndirme,cetin,deyismeyib,"Mətndəki fakt, hadisə və obrazlarla bağlı şəxsi mövqeyini əsaslandırır.","PISA əks etdirmə və qiymətləndirmə, PIRLS tənqidi qiymətləndirmə tələblərinə tam uyğundur. Kritik düşüncə bacarığının inkişafı üçün əsas komponentdir.","Mətndəki fakt, hadisə və obrazlarla bağlı şəxsi mövqeyini əsaslandırır.",2026-03-20 12:33:04.777123
1123,3,Az_dili_III_2.4.2,Oxu,Yaratma,cetin,deyismeyib,"Mətni təxəyyülünə uyğun genişləndirir, dilindən nəql edir.",Yaradıcı düşüncə və mətn transformasiyası bacarığını inkişaf etdirir. Yaponiya modelindəki yaradıcı interpretasiya və İrlandiya modelindəki multimodal mətn yaratma strategiyalarına uyğundur.,"Mətni təxəyyülünə uyğun genişləndirir, dilindən nəql edir.",2026-03-20 12:33:04.778167
1124,3,Az_dili_III_2.4.3,Oxu,Analiz,orta,yenilenib,"Mətnin başlanğıc, əsas hissə və sonluq kimi sadə struktur elementlərini müəyyən edir.",Köhnə standart 3-cü sinif üçün çox mürəkkəb idi - 'dil-üslub xüsusiyyətləri' termini yaşa uyğun deyildi. CEFR A2 səviyyəsinə görə sadə mətn strukturunu anlamaq kifayətdir. Yeni mətn Finlandiya modelindəki mərhələli mətn struktur anlayışı və Sinqapur STELLAR proqramındakı yaşa uyğun öyrənmə strategiyasına əsasən sadələşdirilib və konkret struktur elementləri göstərilib.,"Mətnin tərkib hissələrini, struktur elementlərini və dil-üslub xüsusiyyətlərini müəyyən edir.",2026-03-20 12:33:04.779253
1125,3,Az_dili_III_2.4.4,Oxu,Analiz,cetin,deyismeyib,"Müxtəlif mətnləri mövzu, məzmun, ideya baxımından müqayisə edir.",PISA çoxsaylı mənbə müqayisəsi və PIRLS mətn arası əlaqələr tələblərinə uyğundur. Tənqidi təfəkkür və analitik düşüncə bacarığını inkişaf etdirir.,"Müxtəlif mətnləri mövzu, məzmun, ideya baxımından müqayisə edir.",2026-03-20 12:33:04.780504
1134,3,Az_dili_III_2.5.1,Oxu,anlamaq,asan,yeni_yazilmis,"Mətn növləri və janrları: Müxtəlif mətn növlərini (nəql, təlimat, məktub, şeir) tanıyır və məqsədini izah edir.",PIRLS janr məlumatlılığı və CEFR A2 mətn növləri bilgisi əsasında - mətn tipologiyası anlayışı,"",2026-03-20 12:39:32.769962
1126,3,Az_dili_III_3.1.1,Yazı,Tətbiq,orta,deyismeyib,Yazısında məlumatları mətnin tərkib hissələri üzrə qruplaşdırır.,Mətn təşkili və struktur anlayışı üçün vacibdir. CEFR A2 yazı kompetensiyası tələblərinə uyğundur və Finlandiya modelindəki sistemli yazı yanaşmasını dəstəkləyir.,Yazısında məlumatları mətnin tərkib hissələri üzrə qruplaşdırır.,2026-03-20 12:33:04.781657
1127,3,Az_dili_III_3.1.2,Yazı,Qiymətləndirme,cetin,yenilenib,"Yazısında sadə dil səhvlərini tapır və düzəldir, həmyaşıdının yazısına kömək edir.","Köhnə standart çox ümumi və qeyri-müəyyən idi, 'təkmilləşdirir' anlayışı yaşa görə çox mücərrəd idi. 3-cü sinif üçün sadə səhv tapma və kömək etmə bacarığı daha realdır. Yeni mətn Kanada-Ontario modelindəki həmyaşıdlarla əməkdaşlıq və Estoniya kurikulumundakı özünüqiymətləndirmə elementlərinə əsasən konkret və ölçülə bilən hədəflərlə yenidən tərtib edilib.",Özünün və başqasının yazısını dil qaydaları baxımından təkmilləşdirir.,2026-03-20 12:33:04.782868
1128,3,Az_dili_III_3.2.1,Yazı,Tətbiq,orta,deyismeyib,"Dinlədiyi, oxuduğu məlumatları yazısında əks etdirir.",Məlumat inteqrasiyası və çoxsaylı mənbə istifadəsi bacarığını inkişaf etdirir. PISA inteqrasiya strategiyaları və CEFR A2 yazı kompetensiyasına tam uyğundur.,"Dinlədiyi, oxuduğu məlumatları yazısında əks etdirir.",2026-03-20 12:33:04.783929
1129,3,Az_dili_III_3.2.2,Yazı,Yaratma,cetin,deyismeyib,"Fikir, təxəyyül və təəssüratları əsasında bədii mətn yazır.",Yaradıcı yazı bacarığı və şəxsi ifadə imkanları yaradır. Yaponiya Kokugo estetik duyum və İrlandiya yaradıcı ifadə modellərinə uyğundur.,"Fikir, təxəyyül və təəssüratları əsasında bədii mətn yazır.",2026-03-20 12:33:04.784945
1130,3,Az_dili_III_3.2.3,Yazı,Tətbiq,orta,deyismeyib,Tanış olduğu məlumatlar əsasında kiçikhəcmli qeyri-bədii mətn yazır.,Informativ yazı bacarığı və faktoloji mətn yaratma kompetensiyasını inkişaf etdirir. CEFR A2 praktik yazı tələblərinə tam uyğundur.,Tanış olduğu məlumatlar əsasında kiçikhəcmli qeyri-bədii mətn yazır.,2026-03-20 12:33:04.785895
1131,3,Az_dili_III_3.2.4,Yazı,Tətbiq,orta,deyismeyib,Standart forma və məzmun xüsusiyyətlərini gözləməklə əməli yazılar yazır.,Funksional yazı bacarığı və real həyat tələblərinə uyğun yazı formalarını mənimsəmə imkanı verir. Sinqapur real həyat konteksti və CEFR praktik yazı tələblərinə uyğundur.,Standart forma və məzmun xüsusiyyətlərini gözləməklə əməli yazılar yazır.,2026-03-20 12:33:04.786701
1132,3,Az_dili_III_3.2.5,Yazı,Tətbiq,orta,deyismeyib,Təqdimat üçün müxtəlif vizual forma və üsullar seçir.,Multimodal yazı və vizual kommunikasiya bacarığını inkişaf etdirir. İrlandiya multimodal mətn yaratma və Finlandiya media savadlılığı yanaşmalarına uyğundur.,Təqdimat üçün müxtəlif vizual forma və üsullar seçir.,2026-03-20 12:33:04.787656
1135,3,Az_dili_III_3.3.1,Yazı,tətbiq etmək,orta,yeni_yazilmis,"Yazı prosesi: Yazı prosesinin mərhələlərini (planlaşdırma, yazı, redaktə) sadə səviyyədə tətbiq edir.","Finlandiya və Sinqapur standartları əsasında - yazı prosesi bacarıqları, CEFR A2 yazı mərhələləri","",2026-03-20 12:39:32.771495
1145,4,Az_dili_IV_4.1.1,Dil qaydaları,Tətbiq,asan,deyismeyib,Sözlərdə sait və samitlərin yazılış qaydalarına riayət edir.,CEFR A2 səviyyəsində orfoqrafiya bacarıqları üçün zəruri standartdır. PIRLS çərçivəsində dilin əsas qaydalarını tətbiq etmə bacarığını əks etdirir və mətn yaratma prosesində mühüm rol oynayır.,Sözlərdə sait və samitlərin yazılış qaydalarına riayət edir.,2026-03-20 12:53:29.671682
1146,4,Az_dili_IV_4.1.2,Dil qaydaları,Tətbiq,asan,deyismeyib,"Sözlərin bitişik, ayrı və defislə yazılış qaydalarına riayət edir.",4-cü sinif üçün uyğun orfoqrafiya standarıdır. Yazılı mətn yaradarkən texniki doğruluğu təmin edir və CEFR A2 səviyyəsinə adekvat praktiki bacarıqdır.,"Sözlərin bitişik, ayrı və defislə yazılış qaydalarına riayət edir.",2026-03-20 12:53:29.673773
1147,4,Az_dili_IV_4.1.3,Dil qaydaları,Tətbiq,asan,deyismeyib,Sözlərin böyük hərflə yazılış qaydalarına əməl edir.,Yazı normaları üçün fundamental standartdır. PIRLS təlimində mətn yaradarkən lazım olan texniki bacarıqdır və A2 səviyyəsi üçün əsasdır.,Sözlərin böyük hərflə yazılış qaydalarına əməl edir.,2026-03-20 12:53:29.675012
1148,4,Az_dili_IV_4.2.1,Dil qaydaları,Anlama,orta,deyismeyib,Kontekstdən və qrammatik formadan çıxış edərək əsas nitq hissələrinin qrammatik-semantik-morfoloji tərkibini izah edir.,"CEFR A2 səviyyəsində dil strukturlarını anlama üçün uyğun standartdır. Qrammatik bilgiləri kontekstdə tətbiq etmə bacarığını əks etdirir ki, bu yaşa uyğundur.",Kontekstdən və qrammatik formadan çıxış edərək əsas nitq hissələrinin qrammatik-semantik-morfoloji tərkibini izah edir.,2026-03-20 12:53:29.676356
1149,4,Az_dili_IV_4.2.2,Dil qaydaları,Anlama,orta,deyismeyib,Köməkçi nitq hissələrinin ümumi qrammatik mənalarını müəyyən edir.,4-cü sinif üçün məqbul qrammatika standarıdır. Dil strukturlarını anlama prosesində mühüm komponentdir və A2 səviyyəsinə uyğun çətinlik dərəcəsinə malikdir.,Köməkçi nitq hissələrinin ümumi qrammatik mənalarını müəyyən edir.,2026-03-20 12:53:29.677362
1150,4,Az_dili_IV_4.2.3,Dil qaydaları,Anlama,orta,deyismeyib,Sintaktik vahidlərin və cümlə komponentlərini və ifadə etdiyi semantik mənanı izah edir.,Cümlə strukturunu anlamaq üçün vacib standartdır. PIRLS oxu anlama çərçivəsində mətn strukturunu dərk etməyə kömək edir və yaş qrupuna uyğundur.,Sintaktik vahidlərin və cümlə komponentlərini və ifadə etdiyi semantik mənanı izah edir.,2026-03-20 12:53:29.678279
1151,4,Az_dili_IV_4.3.1,Dil qaydaları,Tətbiq,orta,yenilenib,Əvəzliklərdən sonra vergül işarəsinin düzgün işlənməsini anlayır və tətbiq edir.,Köhnə standartda ifadə aydın deyildi və təkrarlar var idi. Yeni mətn daha aşkar və ölçülə biləndir. CEFR A2 səviyyəsində punktuasiya qaydalarının praktiki tətbiqi üçün yaradılıb. Finlandiya və Estoniya modellərinə əsasən aydın məqsədli standart formalaşdırılıb.,"O, bu əvəzliklərindən sonra əvəzliyindən sonra vergül işarəsinin işlənmə məqamını müəyyən edir.",2026-03-20 12:53:29.679173
1152,4,Az_dili_IV_4.3.2,Dil qaydaları,Anlama,asan,deyismeyib,Defis və tire işarələrini fərqləndirir.,Punktuasiya üçün əsas bacarıqdır. 4-cü sinif üçün uyğun çətinlik səviyyəsinə malik və yazı bacarıqlarının inkişafı üçün zəruridir.,Defis və tire işarələrini fərqləndirir.,2026-03-20 12:53:29.680045
1153,4,Az_dili_IV_4.3.3,Dil qaydaları,Tətbiq,asan,deyismeyib,Sitatda dırnaq işarəsindən istifadə edir.,Mətn yaradarkən vacib punktuasiya bacarığıdır. A2 səviyyəsində sitat göstərmə üçün praktiki əhəmiyyət daşıyır və yaş qrupuna uyğundur.,Sitatda dırnaq işarəsindən istifadə edir.,2026-03-20 12:53:29.680785
1154,4,Az_dili_IV_4.3.4,Dil qaydaları,Tətbiq,asan,deyismeyib,İxtisarlarda durğu işarələrindən istifadə edir.,Yazı texnikası üçün əsas standartdır. Mətn yaratma prosesində tez-tez istifadə olunan bacarıq olub 4-cü sinif üçün adekvat çətinlik dərəcəsinə malikdir.,İxtisarlarda durğu işarələrindən istifadə edir.,2026-03-20 12:53:29.68223
1155,4,Az_dili_IV_4.3.5,Dil qaydaları,Anlama,orta,deyismeyib,Müəyyən sintaktik konstruksiyalarda mötərizə işarəsinin funksiyasını izah edir.,Mətn strukturunu anlama üçün faydalı standartdır. PIRLS çərçivəsində mətnin qurulma prinsiplərini öyrənmək üçün vacib komponentdir və yaş qrupuna uyğundur.,Müəyyən sintaktik konstruksiyalarda mötərizə işarəsinin funksiyasını izah edir.,2026-03-20 12:53:29.683307
1156,4,Az_dili_IV_4.4.1,Dil qaydaları,Anlama,orta,deyismeyib,Kontekstdən və morfoloji tərkibdən çıxış edərək sözün mənasını müəyyən edir və lüğət vasitəsilə dəqiqləşdirir.,PIRLS çərçivəsində lüğət işini inkişaf etdirən əsas standartdır. Oxu anlama prosesində mühüm rol oynayır və A2 səviyyəsi üçün zəruri bacarıqdır.,Kontekstdən və morfoloji tərkibdən çıxış edərək sözün mənasını müəyyən edir və lüğət vasitəsilə dəqiqləşdirir.,2026-03-20 12:53:29.684311
1157,4,Az_dili_IV_4.4.2,Dil qaydaları,Anlama,orta,deyismeyib,Leksik vahidlərin mənalarını müxtəlif üsullarla izah edir.,Lüğət inkişafı üçün mühüm standartdır. CEFR A2 səviyyəsində söz ehtiyatını genişləndirmə strategiyalarını əhatə edir və kommunikativ yanaşmaya uyğundur.,Leksik vahidlərin mənalarını müxtəlif üsullarla izah edir.,2026-03-20 12:53:29.685261
1158,4,Az_dili_IV_4.4.3,Dil qaydaları,Analiz,orta,deyismeyib,Sözləri leksik kateqoriyalar üzrə qruplaşdırır.,Leksik sistemi anlamaq üçün vacib analitik bacarıqdır. PIRLS tələblərinə uyğun olaraq mətn elementləri arasında əlaqə qurmağa kömək edir.,Sözləri leksik kateqoriyalar üzrə qruplaşdırır.,2026-03-20 12:53:29.686237
1159,4,Az_dili_IV_1.1.1,Dinləmə və danışma,Anlama,orta,yenilenib,Dinləmə zamanı əsas məlumatları qeyd edir və mətnlə bağlı fərqli tipli suallara dəqiq cavablar verir.,"Köhnə standart yalnız qeyd götürməyə fokuslanırdı, lakin PISA dinləmə çərçivəsində informasiyanın təsnifatı və cavab tiplərinə uyğunluq əksik idi. Yeni standart PIRLS metodikasına əsasən məlumat növlərinin ayrımını və cavab keyfiyyətini vurğulayır. Finlandiya modelindən ilhamlanaraq aktiv dinləmə strategiyası inteqrasiya edilib.",Dinləmə zamanı götürdüyü qeydlər əsasında mətnlə bağlı suallara cavab verir.,2026-03-20 12:53:29.687212
1160,4,Az_dili_IV_1.1.2,Dinləmə və danışma,Anlama,orta,deyismeyib,Dinlədiyi mətni ideya və məzmun baxımından şərh edir.,PIRLS çərçivəsində interpretasiya bacarığını əks etdirən yaxşı standartdır. A2 səviyyəsində dinlədiyi mətnin əsas ideyasını anlamaq üçün uyğundur.,Dinlədiyi mətni ideya və məzmun baxımından şərh edir.,2026-03-20 12:53:29.688178
1161,4,Az_dili_IV_1.1.3,Dinləmə və danışma,Yaratma,çətin,deyismeyib,"Öz versiya və düşüncələrini əlavə etməklə dinlədiyi mətni genişləndirir, dəyişdirir, davamını təxmin edir.","PISA çərçivəsində yaradıcı düşüncə və refleksiya bacarığını əks etdirən güclü standartdır. 4-cü sinif üçün iddialı, lakin inkişafa yönəlik faydalı standartdır.","Öz versiya və düşüncələrini əlavə etməklə dinlədiyi mətni genişləndirir, dəyişdirir, davamını təxmin edir.",2026-03-20 12:53:29.689825
1162,4,Az_dili_IV_1.2.1,Dinləmə və danışma,Qiymətləndirmə,çətin,deyismeyib,Dinlədiyi fikirləri təsdiq və ya təkzib etmək üçün arqument və ya əks-arqumentlər gətirir.,"Kritik düşüncə bacarığını inkişaf etdirən əla standartdır. PISA çərçivəsində arqumentasiya və qiymətləndirmə bacarıqlarını əhatə edir, 4-cü sinif üçün stimullaşdırıcıdır.",Dinlədiyi fikirləri təsdiq və ya təkzib etmək üçün arqument və ya əks-arqumentlər gətirir.,2026-03-20 12:53:29.69098
1163,4,Az_dili_IV_1.2.2,Dinləmə və danışma,Tətbiq,orta,deyismeyib,Əldə etdiyi məlumatlar və tərtib etdiyi suallar əsasında müsahibi ilə dialoq qurur.,CEFR A2 səviyyəsində dialoq qurma bacarığını əks etdirən praktiki standartdır. Kommunikativ yanaşma üçün əhəmiyyətlidir və yaşa uyğundur.,Əldə etdiyi məlumatlar və tərtib etdiyi suallar əsasında müsahibi ilə dialoq qurur.,2026-03-20 12:53:29.692074
1164,4,Az_dili_IV_1.3.1,Dinləmə və danışma,Tətbiq,orta,deyismeyib,Əlavə məlumatlardan istifadə etməklə dinlədiyi və ya oxuduğu mətni genişləndirib danışır.,PISA çərçivəsində məlumat inteqrasiyası bacarığını əks etdirən yaxşı standartdır. Müxtəlif mənbələrdən məlumat birləşdirmə üçün əsas bacarıqdır.,Əlavə məlumatlardan istifadə etməklə dinlədiyi və ya oxuduğu mətni genişləndirib danışır.,2026-03-20 12:53:29.693127
1165,4,Az_dili_IV_1.3.2,Dinləmə və danışma,Tətbiq,orta,deyismeyib,Qrafik və ya verbal-qrafik informasiyanı rabitəli şəkildə şifahi təqdim edir.,Multimodal mətn anlama üçün əhəmiyyətli standartdır. PIRLS 2026 çərçivəsində rəqəmsal və qrafik mətnlərin şifahi təqdimatı üçün vacibdir.,Qrafik və ya verbal-qrafik informasiyanı rabitəli şəkildə şifahi təqdim edir.,2026-03-20 12:53:29.694082
1166,4,Az_dili_IV_1.3.3,Dinləmə və danışma,Tətbiq,orta,deyismeyib,"Mövzu ilə bağlı bildiklərini, fikir və təəssüratlarını rabitəli şəkildə təqdim edir.",Şifahi nitq inkişafı üçün əsas standartdır. CEFR A2 səviyyəsində rabitəli nitq qurmaq üçün zəruri bacarıqdır və yaş qrupuna uyğundur.,"Mövzu ilə bağlı bildiklərini, fikir və təəssüratlarını rabitəli şəkildə təqdim edir.",2026-03-20 12:53:29.695102
1167,4,Az_dili_IV_1.3.4,Dinləmə və danışma,Tətbiq,orta,deyismeyib,Araşdırma nəticəsində əldə etdiyi məlumatları rabitəli şəkildə təqdim edir.,Araşdırma bacarıqlarını şifahi təqdimat ilə birləşdirən dəyərli standartdır. PIRLS metodikasına uyğun olaraq informasiyanı təşkil etmə bacarığını inkişaf etdirir.,Araşdırma nəticəsində əldə etdiyi məlumatları rabitəli şəkildə təqdim edir.,2026-03-20 12:53:29.696128
1168,4,Az_dili_IV_1.4.1,Dinləmə və danışma,Tətbiq,asan,deyismeyib,Şifahi nitqində leksik və qrammatik normalara əməl edir.,CEFR A2 səviyyəsində ədəbi dil normalarına əməl etmək üçün əsas standartdır. Düzgün nitq formalaşdırma üçün zəruridir.,Şifahi nitqində leksik və qrammatik normalara əməl edir.,2026-03-20 12:53:29.697006
1169,4,Az_dili_IV_1.4.2,Dinləmə və danışma,Tətbiq,orta,deyismeyib,"Danışarkən məzmuna uyğun intonasiya, jest, mimikadan istifadə edir, auditoriya ilə göz təması qurur.",Ekspressiv nitq bacarıqları üçün mükəmməl standartdır. Kommunikativ kompetensiya inkişafında mühüm rol oynayır və təqdimat bacarıqlarını formalaşdırır.,"Danışarkən məzmuna uyğun intonasiya, jest, mimikadan istifadə edir, auditoriya ilə göz təması qurur.",2026-03-20 12:53:29.698034
1190,4,Az_dili_IV_1.5.1,Dinləmə və danışma,Tətbiq,orta,yeni_yazilmis,Müxtəlif kommunikativ vəziyyətlərdə və müxtəlif auditoriya qarşısında uyğun dil registri seçir və istifadə edir.,CEFR A2 səviyyəsinin sosiolinqvistik kompetensiyasına və Finlandiya standartlarının kommunikativ vəziyyətlərə uyğunlaşma tələbinə əsasən - şagirdlər rəsmi/qeyri-rəsmi danışıq tərzlərini fərqləndirməyi bacarmalıdırlar,"",2026-03-20 12:54:26.696776
1170,4,Az_dili_IV_2.1.1,Oxu,Tətbiq,asan,deyismeyib,Deyilişi çətin olan sözləri aydın tələffüz etməklə kiçikhəcmli mətnləri oxuyur.,Texniki oxu bacarığı üçün əsas standartdır. PIRLS çərçivəsində səlis oxu tələblərinə uyğun və A2 səviyyəsi üçün adekvat çətinlik dərəcəsinə malikdir.,Deyilişi çətin olan sözləri aydın tələffüz etməklə kiçikhəcmli mətnləri oxuyur.,2026-03-20 12:53:29.699089
1171,4,Az_dili_IV_2.1.2,Oxu,Tətbiq,orta,deyismeyib,Mətni oxuyarkən məzmuna uyğun səs tonu seçir.,İfadəli oxu üçün vacib standartdır. Mətnin emosional məzmununu anlamaq və onu oxu prosesində əks etdirmək bacarığını inkişaf etdirir.,Mətni oxuyarkən məzmuna uyğun səs tonu seçir.,2026-03-20 12:53:29.700341
1172,4,Az_dili_IV_2.2.1,Oxu,Anlama,asan,deyismeyib,Mətndə açıq şəkildə ifadə olunmuş məlumatları mənimsədiyini nümayiş etdirir.,PIRLS çərçivəsində faktoloji qavrama üçün əsas standartdır. Oxu anlama prosesinin ilkin mərhələsi üçün zəruri bacarıqdır və yaş qrupuna uyğundur.,Mətndə açıq şəkildə ifadə olunmuş məlumatları mənimsədiyini nümayiş etdirir.,2026-03-20 12:53:29.701375
1173,4,Az_dili_IV_2.2.2,Oxu,Anlama,asan,deyismeyib,Verbal-qrafik informasiyanı mənimsədiyini nümayiş etdirir.,Müasir mətn növlərini anlamaq üçün vacib standartdır. PISA 2025 çərçivəsində multimodal mətnlərlə işləmə bacarığının əsasını təşkil edir.,Verbal-qrafik informasiyanı mənimsədiyini nümayiş etdirir.,2026-03-20 12:53:29.702342
1174,4,Az_dili_IV_2.2.3,Oxu,Anlama,orta,deyismeyib,Kontekstdən çıxış edərək mətndəki söz və ifadələrin mənasını müəyyən edir və lüğət vasitəsilə dəqiqləşdirir.,Lüğət işi və kontekst anlamı üçün fundamental standartdır. PIRLS metodikasında mətn anlamı üçün əsas bacarıq olaraq qəbul edilir.,Kontekstdən çıxış edərək mətndəki söz və ifadələrin mənasını müəyyən edir və lüğət vasitəsilə dəqiqləşdirir.,2026-03-20 12:53:29.703314
1175,4,Az_dili_IV_2.3.1,Oxu,Analiz,çətin,deyismeyib,Mətndə fikirlərlə (müəllif mövqeyi ilə) fakt və hadisələri əlaqələndirir.,PISA çərçivəsində interpretasiya və əlaqələndirmə bacarığını əks etdirən yüksək səviyyəli standartdır. Kritik oxu bacarıqlarının inkişafı üçün mühümdür.,Mətndə fikirlərlə (müəllif mövqeyi ilə) fakt və hadisələri əlaqələndirir.,2026-03-20 12:53:29.704403
1176,4,Az_dili_IV_2.3.2,Oxu,Qiymətləndirmə,çətin,deyismeyib,Mətndəki obrazlara münasibət bildirir və fikrini mətnə istinad etməklə əsaslandırır.,PISA çərçivəsində tənqidi təfəkkür və əsaslandırma bacarığını inkişaf etdirən əla standartdır. Mətnə istinad etmə tələbi arqumentasiya bacarığını gücləndirir.,Mətndəki obrazlara münasibət bildirir və fikrini mətnə istinad etməklə əsaslandırır.,2026-03-20 12:53:29.705402
1177,4,Az_dili_IV_2.3.3,Oxu,Tətbiq,orta,yenilenib,Mətndəki əsas fikirlə əlaqəli həyatdan nümunələr gətirir və əlaqəni izah edir.,"Köhnə standartda 'bağlı' ifadəsi qeyri-müəyyün idi və məqsəd aydın deyildi. Yeni standart PISA çərçivəsinə uyğun olaraq mətn-həyat əlaqəsinin məqsədyönlü izahını tələb edir. Finlandiya modelində olduğu kimi, şagird yalnız nümunə göstərmir, həm də əlaqəni əsaslandırır ki, bu da daha dərin təfəkkür tələb edir.",Mətndəki əsas fikri bağlı həyatdan nümunələr gətirir.,2026-03-20 12:53:29.706635
1178,4,Az_dili_IV_2.4.1,Oxu,Qiymətləndirmə,çətin,deyismeyib,Mətndəki obrazlara və müəllif yanaşmasına öz münasibətini bildirir.,PISA çərçivəsində refleksiya və qiymətləndirmə bacarığını inkişaf etdirən əla standartdır. Şəxsi münasibət bildirmə 4-cü sinif üçün stimullaşdırıcı və yaradıcı düşüncəni inkişaf etdirir.,Mətndəki obrazlara və müəllif yanaşmasına öz münasibətini bildirir.,2026-03-20 12:53:29.707752
1179,4,Az_dili_IV_2.4.2,Oxu,Yaratma,çətin,deyismeyib,"Mətni məzmununa və janrın tələblərinə uyğun dəyişdirir, genişləndirir və ya tamamlayır.","Yaradıcı oxu üçün əla standartdır. PISA çərçivəsində mətn transformasiyası və janr anlayışı üçün mühüm bacarıqdır, 4-cü sinif üçün iddialı lakin inkişafa yönəlik məqsədə uyğundur.","Mətni məzmununa və janrın tələblərinə uyğun dəyişdirir, genişləndirir və ya tamamlayır.",2026-03-20 12:53:29.708794
1180,4,Az_dili_IV_2.4.3,Oxu,Analiz,çətin,deyismeyib,Mətni məzmun-struktur və dil-üslub xüsusiyyətlərinə görə təhlil edir.,PIRLS çərçivəsində mətn təhlili üçün yüksək səviyyəli standartdır. Mətn strukturu və dil xüsusiyyətləri anlamağı 4-cü sinif üçün tədricən inkişaf etdirilməlidir.,Mətni məzmun-struktur və dil-üslub xüsusiyyətlərinə görə təhlil edir.,2026-03-20 12:53:29.709913
1181,4,Az_dili_IV_2.4.4,Oxu,Analiz,çətin,deyismeyib,"Müxtəlif mətnləri mövzu, məzmun, ideya, struktur və bədii xüsusiyyətlər baxımından müqayisə edir.",PISA çərçivəsində müqayisəli oxu üçün mükəmməl standartdır. Çoxsaylı mətnlərlə işləmə bacarığı 2025 PISA tələblərinə uyğundur və analitik düşüncə inkişaf etdirir.,"Müxtəlif mətnləri mövzu, məzmun, ideya, struktur və bədii xüsusiyyətlər baxımından müqayisə edir.",2026-03-20 12:53:29.710928
1189,4,Az_dili_IV_2.5.1,Oxu,Qiymətləndirmə,orta,yeni_yazilmis,Mətnlərdə məlumat mənbələrinin etibarlılığını qiymətləndirir və fərqli mənbələrdən əldə etdiyi məlumatları müqayisə edir.,PISA-nın məlumat savadlılığı və PIRLS-in mətn mənbələrinin qiymətləndirilməsi komponentlərinə əsasən - şagirdlər müxtəlif mənbələrdən gələn məlumatları tənqidi şəkildə dəyərləndirməyi öyrənməlidirlər,"",2026-03-20 12:54:26.693575
1192,4,Az_dili_IV_2.6.1,Oxu,Analiz,orta,yeni_yazilmis,"Müxtəlif media növlərindəki (rəqəmsal mətnlər, video, audio) məlumatları anlayır və təhlil edir.",PISA-nın rəqəmsal oxu bacarıqları və Kanada standartlarının media savadlılığı komponentlərinə əsasən - müasir dünyada multimodal mətnlərlə işləmə bacarığı vacibdir,"",2026-03-20 12:54:26.698805
1182,4,Az_dili_IV_3.1.1,Yazı,Tətbiq,orta,deyismeyib,Məntiqi və xronoloji ardıcıllığı gözləməklə məlumatları mətnin hissələrinə uyğun qruplaşdırır.,Mətn təşkil etmə üçün fundamental standartdır. CEFR A2 səviyyəsində yazı strukturu qurmaq üçün zəruri bacarıqdır və məqsədyönlüdür.,Məntiqi və xronoloji ardıcıllığı gözləməklə məlumatları mətnin hissələrinə uyğun qruplaşdırır.,2026-03-20 12:53:29.721983
1183,4,Az_dili_IV_3.1.2,Yazı,Tətbiq,asan,deyismeyib,Yazıda ədəbi dilin normalarına riayət edir.,Yazı normaları üçün əsas standartdır. CEFR A2 səviyyəsində düzgün yazı formalaşdırma üçün zəruri və praktiki əhəmiyyətə malikdir.,Yazıda ədəbi dilin normalarına riayət edir.,2026-03-20 12:53:29.723524
1184,4,Az_dili_IV_3.2.1,Yazı,Tətbiq,orta,deyismeyib,"Dinlədiyi, oxuduğu, həyatda gördüyü hadisə və faktlar əsasında mətn yazır.",Müxtəlif mənbələrdən məlumat əsasında yazı yaratmaq üçün mükəmməl standartdır. PISA çərçivəsində informasiya inteqrasiyası bacarığını inkişaf etdirir.,"Dinlədiyi, oxuduğu, həyatda gördüyü hadisə və faktlar əsasında mətn yazır.",2026-03-20 12:53:29.724858
1185,4,Az_dili_IV_3.2.2,Yazı,Yaratma,çətin,deyismeyib,Janr tələblərini gözləməklə təxəyyülə əsasən bədii mətn yazır.,"Yaradıcı yazı üçün əla standartdır. Janr anlayışı və yaradıcı təfəkkürü birləşdirər, CEFR A2 səviyyəsində bədii ifadə bacarığını inkişaf etdirir.",Janr tələblərini gözləməklə təxəyyülə əsasən bədii mətn yazır.,2026-03-20 12:53:29.726347
1186,4,Az_dili_IV_3.2.3,Yazı,Tətbiq,orta,deyismeyib,Araşdırdığı və əldə etdiyi məlumatlar əsasında qeyri-bədii mətn yazır.,"Akademik yazı bacarıqlarının əsasını qoyan mühüm standartdır. Araşdırma və yazı bacarıqlarını birləşdirər, fənlərarası əlaqə yaradır.",Araşdırdığı və əldə etdiyi məlumatlar əsasında qeyri-bədii mətn yazır.,2026-03-20 12:53:29.727479
1187,4,Az_dili_IV_3.2.4,Yazı,Tətbiq,orta,deyismeyib,Standart forma və məzmun xüsusiyyətlərini gözləməklə əməli yazılar yazır.,Həyati yazı bacarıqları üçün praktiki standartdır. Real həyatda tətbiq olunan yazı növlərini öyrənmək CEFR A2 səviyyəsi üçün vacibdir.,Standart forma və məzmun xüsusiyyətlərini gözləməklə əməli yazılar yazır.,2026-03-20 12:53:29.728759
1188,4,Az_dili_IV_3.2.5,Yazı,Yaratma,orta,yenilenib,"Təqdimat üçün məqsədə uyğun vizual forma və üsullar seçir, mətn-qrafik elementləri məqsədyönlü birləşdirir.","Köhnə standart yalnız seçim prosesini əhatə edirdi, lakin müasir rəqəmsal mühitdə multimodal mətn yaratma bacarıqları daha əhəmiyyətlidir. Yeni mətn PISA 2025 çərçivəsində vizual-mətn inteqrasiyasına fokuslanır və məqsədyönlü yanaşmanı vurğulayır. Finlandiya və Estoniya modellərinə əsasən rəqəmsal savadlılığın təməli qoyulur.",Təqdimat üçün müxtəlif vizual forma və üsullar seçir.,2026-03-20 12:53:29.730184
1191,4,Az_dili_IV_3.3.1,Yazı,Qiymətləndirmə,orta,yeni_yazilmis,"Yazdığı mətnləri özü yoxlayır, redaktə edir və yenidən təşkil edir.",Sinqapur və Estoniya standartlarının metakognitiv yazı prosesi və özünütənzimləmə bacarıqlarına əsasən - şagirdlər öz yazılarını tənqidi şəkildə qiymətləndirmə və təkmilləşdirmə bacarığı əldə etməlidirlər,"",2026-03-20 12:54:26.697761
